region_id,year,ml_observations,mean_ml_suitability_score,mean_prediction_confidence,not_suitable_percentage,moderate_percentage,suitable_percentage,MEHI_score,health_category
R_-10_-25,2023,51,62.745098039215684,0.9909980268745302,0.0,74.50980392156863,25.49019607843137,85.04122413343524,Higher relative environmental condition
R_-10_90,2025,74,85.8108108108108,0.9977494721262032,0.0,28.37837837837838,71.62162162162163,86.41415829271334,Higher relative environmental condition
R_-10_95,2025,50,86.0,0.9751397081801549,0.0,28.000000000000004,72.0,86.80429368974376,Higher relative environmental condition
R_-15_90,2025,35,94.28571428571429,0.9795450979098059,0.0,11.428571428571429,88.57142857142857,87.35457589640845,Higher relative environmental condition
R_-15_95,2025,82,89.02439024390245,0.9759429650652115,0.0,21.951219512195124,78.04878048780488,87.41263636098903,Higher relative environmental condition
R_-20_-155,2022,23,89.1304347826087,0.9724458815659607,0.0,21.73913043478261,78.26086956521739,84.64052877200018,Higher relative environmental condition
R_-20_90,2025,85,92.94117647058823,0.989655907741773,0.0,14.117647058823529,85.88235294117646,88.32812762187484,Higher relative environmental condition
R_-20_95,2025,53,93.39622641509433,0.993710763249035,0.0,13.20754716981132,86.79245283018868,88.55142652023504,Higher relative environmental condition
R_-25_-155,2022,48,92.70833333333333,0.9645424432735089,0.0,14.583333333333334,85.41666666666666,86.19465487992873,Higher relative environmental condition
R_-25_90,2025,105,90.95238095238095,0.9819774357377307,0.0,18.095238095238095,81.9047619047619,88.14337481876933,Higher relative environmental condition
R_-25_95,2025,13,69.23076923076923,0.9699919789036009,0.0,61.53846153846154,38.46153846153847,87.00879002151261,Higher relative environmental condition
R_-30_-155,2022,18,97.22222222222223,0.9776957317046318,0.0,5.555555555555555,94.44444444444444,86.91267090306354,Higher relative environmental condition
R_-30_45,2023,49,89.79591836734694,0.993426135018353,0.0,20.408163265306122,79.59183673469387,88.01654354762279,Higher relative environmental condition
R_-30_50,2023,108,91.66666666666667,0.9847243838353639,0.0,16.666666666666664,83.33333333333334,88.49698533501669,Higher relative environmental condition
R_-30_55,2023,54,91.66666666666667,0.9847414683286372,0.0,16.666666666666664,83.33333333333334,88.60049763660764,Higher relative environmental condition
R_-30_60,2023,147,88.0952380952381,0.9836193846283531,0.0,23.809523809523807,76.19047619047619,88.54630293548654,Higher relative environmental condition
R_-30_90,2025,58,93.10344827586206,0.9785223488040997,0.0,13.793103448275861,86.20689655172413,88.36264250898934,Higher relative environmental condition
R_-30_95,2024,24,91.66666666666667,0.9580037212118064,0.0,16.666666666666664,83.33333333333334,89.28902554831126,Higher relative environmental condition
R_-30_95,2025,12,87.5,0.9664278039368082,0.0,25.0,75.0,87.94223869041053,Higher relative environmental condition
R_-35_-150,2022,5,90.0,0.9138951691544133,0.0,20.0,80.0,88.85382587732447,Higher relative environmental condition
R_-35_-155,2022,40,76.25,0.9795918357706375,0.0,47.5,52.5,87.33914384496045,Higher relative environmental condition
R_-35_0,2020,68,86.76470588235294,0.9686505679763447,0.0,26.47058823529412,73.52941176470588,89.44407565728017,Higher relative environmental condition
R_-35_110,2024,28,91.07142857142857,0.9865094170011518,0.0,17.857142857142858,82.14285714285714,89.26534089652058,Higher relative environmental condition
R_-35_115,2024,3,100.0,0.9612036404209984,0.0,0.0,100.0,83.25164003900629,Higher relative environmental condition
R_-35_35,2023,1,50.0,0.8930998125634741,0.0,100.0,0.0,78.533628358224,Moderate relative environmental condition
R_-35_45,2023,123,91.0569105691057,0.9864327839115543,0.0,17.88617886178862,82.11382113821138,87.53284415466555,Higher relative environmental condition
R_-35_50,2023,246,90.2439024390244,0.9911608001889636,0.8130081300813009,17.88617886178862,81.30081300813008,87.51518694587489,Higher relative environmental condition
R_-35_55,2020,338,85.6508875739645,0.9951752134542678,0.0,28.698224852071007,71.30177514792899,87.14014631677232,Higher relative environmental condition
R_-35_55,2023,188,90.69148936170212,0.9894514029828685,0.0,18.617021276595743,81.38297872340425,88.02044052026172,Higher relative environmental condition
R_-35_90,2024,7,71.42857142857143,0.9837037494840288,0.0,57.14285714285714,42.857142857142854,89.48045190694083,Higher relative environmental condition
R_-35_95,2024,18,97.22222222222223,0.986445744558919,0.0,5.555555555555555,94.44444444444444,89.19251871025031,Higher relative environmental condition
R_-40_-150,2022,50,89.0,0.993135678947031,0.0,22.0,78.0,88.61878703043591,Higher relative environmental condition
R_-40_0,2020,80,85.0,0.9572885346620532,0.0,30.0,70.0,90.49971968976163,Higher relative environmental condition
R_-40_110,2024,112,91.51785714285714,0.9953573775810642,0.0,16.964285714285715,83.03571428571429,89.48241842867978,Higher relative environmental condition
R_-40_115,2024,165,89.0909090909091,0.992338818466212,0.0,21.818181818181817,78.18181818181819,89.45091321062411,Higher relative environmental condition
R_-40_55,2020,293,84.47098976109216,0.9937817487539465,0.3412969283276451,30.37542662116041,69.28327645051195,85.20807889037788,Higher relative environmental condition
R_-40_90,2024,31,90.3225806451613,0.990206284913574,0.0,19.35483870967742,80.64516129032258,89.91537425762341,Higher relative environmental condition
R_-40_95,2024,51,92.15686274509804,0.9939609632848647,0.0,15.686274509803921,84.31372549019608,89.72248547118785,Higher relative environmental condition
R_-45_-150,2022,60,77.5,0.9870368385831056,0.0,45.0,55.00000000000001,87.74678081020569,Higher relative environmental condition
R_-45_-55,2022,3,83.33333333333333,0.8691528894711809,0.0,33.33333333333333,66.66666666666666,85.0911157548363,Higher relative environmental condition
R_-45_0,2020,26,88.46153846153847,0.9917379076030637,0.0,23.076923076923077,76.92307692307693,88.90652549673807,Higher relative environmental condition
R_-45_110,2024,77,85.06493506493507,0.9877860183026153,0.0,29.87012987012987,70.12987012987013,89.2009757427506,Higher relative environmental condition
R_-45_115,2024,140,86.42857142857143,0.9913315965636447,0.0,27.142857142857142,72.85714285714285,89.2188965420558,Higher relative environmental condition
R_-45_145,2024,11,95.45454545454545,0.8368620201381624,0.0,9.090909090909092,90.9090909090909,88.35979385023425,Higher relative environmental condition
R_-45_55,2020,223,82.73542600896862,0.9869567297141204,0.0,34.52914798206278,65.47085201793722,86.02115180026533,Higher relative environmental condition
R_-45_90,2024,19,86.84210526315789,0.9940619334334786,0.0,26.31578947368421,73.68421052631578,89.84965912380169,Higher relative environmental condition
R_-45_95,2024,44,93.18181818181819,0.9884492775509837,0.0,13.636363636363635,86.36363636363636,90.45248062007286,Higher relative environmental condition
R_-50_-150,2022,49,80.61224489795919,0.9694718418712502,0.0,38.775510204081634,61.224489795918366,87.9087610684107,Higher relative environmental condition
R_-50_110,2024,67,94.02985074626865,0.9756051048599824,0.0,11.940298507462686,88.05970149253731,90.0623908314427,Higher relative environmental condition
R_-50_115,2024,154,91.23376623376623,0.9805929686725804,0.0,17.532467532467532,82.46753246753246,89.60618950595999,Higher relative environmental condition
R_-50_140,2024,14,92.85714285714286,0.9846522122166824,0.0,14.285714285714285,85.71428571428571,90.15169944626128,Higher relative environmental condition
R_-50_55,2020,294,83.33333333333333,0.9918437211224765,0.0,33.33333333333333,66.66666666666666,85.90378399314604,Higher relative environmental condition
R_-50_90,2024,63,94.44444444444444,0.9744278916367655,0.0,11.11111111111111,88.88888888888889,90.04212842865779,Higher relative environmental condition
R_-55_-150,2022,39,87.17948717948718,0.9791846266628124,0.0,25.64102564102564,74.35897435897436,87.81841781409838,Higher relative environmental condition
R_-55_-175,2024,15,96.66666666666667,0.8956954752975953,0.0,6.666666666666667,93.33333333333333,88.82989852707881,Higher relative environmental condition
R_-55_-180,2024,11,90.9090909090909,0.862894793721171,0.0,18.181818181818183,81.81818181818183,88.05718722503237,Higher relative environmental condition
R_-55_-40,2020,11,50.0,0.9989887374806656,0.0,100.0,0.0,74.39510377144904,Moderate relative environmental condition
R_-55_-40,2021,10,50.0,0.9929550102180285,0.0,100.0,0.0,79.62030461259519,Moderate relative environmental condition
R_-55_-40,2022,5,50.0,0.9681804707651025,0.0,100.0,0.0,81.0479206294763,Higher relative environmental condition
R_-55_-40,2023,10,55.0,0.969361655138177,0.0,90.0,10.0,79.80503653424655,Moderate relative environmental condition
R_-55_-45,2020,15,73.33333333333333,0.983790709516097,0.0,53.333333333333336,46.666666666666664,84.6118575082108,Higher relative environmental condition
R_-55_-45,2021,31,59.67741935483871,0.9922883169045729,0.0,80.64516129032258,19.35483870967742,83.26695263823153,Higher relative environmental condition
R_-55_-45,2022,13,57.69230769230769,0.9740784191574471,0.0,84.61538461538461,15.384615384615385,83.66948968633143,Higher relative environmental condition
R_-55_-50,2020,46,86.95652173913044,0.9544639739001414,0.0,26.08695652173913,73.91304347826086,87.4131852862126,Higher relative environmental condition
R_-55_-50,2021,1,50.0,0.9961230565435008,0.0,100.0,0.0,78.09458424694354,Moderate relative environmental condition
R_-55_-55,2020,8,81.25,0.9408721165907665,0.0,37.5,62.5,80.61374589100437,Higher relative environmental condition
R_-55_-60,2020,22,75.0,0.9441575487401564,0.0,50.0,50.0,82.3847623246375,Higher relative environmental condition
R_-55_-60,2021,22,70.45454545454545,0.9714307911868075,0.0,59.09090909090909,40.909090909090914,83.52390073433529,Higher relative environmental condition
R_-55_-60,2023,2,75.0,0.9912298449207997,0.0,50.0,50.0,81.79351711933045,Higher relative environmental condition
R_-55_-80,2023,87,83.33333333333333,0.9806208574542807,0.0,33.33333333333333,66.66666666666666,86.58520847589581,Higher relative environmental condition
R_-55_110,2024,27,72.22222222222223,0.9740943844633065,0.0,55.55555555555556,44.44444444444444,85.05998578493534,Higher relative environmental condition
R_-55_115,2024,175,72.0,0.991636212649012,0.0,56.00000000000001,44.0,85.20564165688336,Higher relative environmental condition
R_-55_55,2020,186,68.27956989247312,0.9895164494884291,0.0,63.44086021505376,36.55913978494624,84.0727927898871,Higher relative environmental condition
R_-55_85,2024,59,68.64406779661017,0.9854077243186518,0.0,62.71186440677966,37.28813559322034,83.82711908255907,Higher relative environmental condition
R_-5_-25,2023,279,63.799283154121866,0.9934120010115032,0.0,72.40143369175627,27.598566308243726,85.10173878842572,Higher relative environmental condition
R_-5_-30,2023,63,66.66666666666667,0.9874409003381606,0.0,66.66666666666666,33.33333333333333,85.59078176734057,Higher relative environmental condition
R_-5_140,2022,106,92.9245283018868,0.9855712006851257,0.0,14.150943396226415,85.84905660377359,84.26120629873543,Higher relative environmental condition
R_-5_90,2025,121,85.12396694214875,0.9854033221861964,0.0,29.75206611570248,70.24793388429752,83.81183482962503,Higher relative environmental condition
R_-60_-145,2022,22,59.09090909090909,0.9741534238922473,0.0,81.81818181818183,18.181818181818183,82.46368985166845,Higher relative environmental condition
R_-60_-145,2023,28,51.785714285714285,0.9893116981304655,0.0,96.42857142857143,3.571428571428571,82.35229107093728,Higher relative environmental condition
R_-60_-150,2022,44,81.81818181818181,0.9707877984691738,0.0,36.36363636363637,63.63636363636363,85.66347673861311,Higher relative environmental condition
R_-60_-170,2024,16,100.0,0.9685456270196144,0.0,0.0,100.0,88.6758633274554,Higher relative environmental condition
R_-60_-35,2020,134,55.59701492537314,0.9948545826734764,0.0,88.80597014925374,11.194029850746269,81.00093662046953,Higher relative environmental condition
R_-60_-35,2021,193,52.33160621761658,0.9914381020127062,0.0,95.33678756476684,4.66321243523316,80.87945421856746,Higher relative environmental condition
R_-60_-35,2023,154,57.142857142857146,0.9834367315921929,0.0,85.71428571428571,14.285714285714285,81.31452976631275,Higher relative environmental condition
R_-60_-40,2021,6,50.0,0.9978472326651016,0.0,100.0,0.0,82.38071352306349,Higher relative environmental condition
R_-60_-60,2020,212,76.88679245283019,0.9775160782532119,0.0,46.22641509433962,53.77358490566038,85.65714016250257,Higher relative environmental condition
R_-60_-60,2021,177,80.50847457627118,0.9793619476367534,0.0,38.983050847457626,61.016949152542374,86.327666564977,Higher relative environmental condition
R_-60_-60,2023,193,78.23834196891191,0.9799535492356812,0.0,43.523316062176164,56.476683937823836,86.17229060738973,Higher relative environmental condition
R_-60_-70,2024,15,86.66666666666667,0.9651139506149504,0.0,26.666666666666668,73.33333333333333,87.21854113012697,Higher relative environmental condition
R_-60_-80,2023,22,77.27272727272727,0.9518004058948926,0.0,45.45454545454545,54.54545454545454,87.90531163167984,Higher relative environmental condition
R_-60_-85,2023,55,84.54545454545455,0.9791850993919814,0.0,30.909090909090907,69.0909090909091,85.98227325545346,Higher relative environmental condition
R_-60_110,2024,86,68.02325581395348,0.996765507483765,0.0,63.95348837209303,36.04651162790697,82.34399390927466,Higher relative environmental condition
R_-60_115,2024,99,67.67676767676768,0.9914939499973197,0.0,64.64646464646465,35.35353535353536,81.95555550949008,Higher relative environmental condition
R_-60_50,2020,65,56.92307692307692,0.9938422256826573,0.0,86.15384615384616,13.846153846153847,76.36484280023681,Moderate relative environmental condition
R_-60_55,2020,175,65.14285714285714,0.9966971467266272,0.0,69.71428571428572,30.28571428571429,77.95688015904925,Moderate relative environmental condition
R_-60_80,2024,94,61.702127659574465,0.9912405672783895,0.0,76.59574468085107,23.404255319148938,81.95045882680986,Higher relative environmental condition
R_-65_-105,2024,14,71.42857142857143,0.9149332889413104,0.0,57.14285714285714,42.857142857142854,87.3242104256234,Higher relative environmental condition
R_-65_-145,2023,13,61.53846153846154,0.9918770658601814,0.0,76.92307692307693,23.076923076923077,83.41745463424863,Higher relative environmental condition
R_-65_-165,2024,23,60.869565217391305,0.9675170467506458,0.0,78.26086956521739,21.73913043478261,86.97253265565413,Higher relative environmental condition
R_-65_-30,2020,31,40.32258064516129,0.997824592019886,19.35483870967742,80.64516129032258,0.0,72.25248441104591,Moderate relative environmental condition
R_-65_-30,2021,12,29.166666666666668,0.9993014003936084,41.66666666666667,58.333333333333336,0.0,72.36252590372116,Moderate relative environmental condition
R_-65_-30,2023,36,45.833333333333336,0.9998455035549321,8.333333333333332,91.66666666666666,0.0,72.78606532169789,Moderate relative environmental condition
R_-65_-35,2020,88,46.02272727272727,0.9994330985131469,7.954545454545454,92.04545454545455,0.0,74.82485154712066,Moderate relative environmental condition
R_-65_-35,2021,105,45.714285714285715,0.998515615706983,8.571428571428571,91.42857142857143,0.0,74.90094169815468,Moderate relative environmental condition
R_-65_-35,2023,104,42.78846153846154,0.9992990176634874,14.423076923076922,85.57692307692307,0.0,75.06591075109951,Moderate relative environmental condition
R_-65_-45,2023,91,50.0,0.9996374118596774,0.0,100.0,0.0,77.62571164816504,Moderate relative environmental condition
R_-65_-50,2023,14,50.0,0.99730130877804,0.0,100.0,0.0,72.49164526386943,Moderate relative environmental condition
R_-65_-55,2020,24,56.25,0.9956869163163735,0.0,87.5,12.5,80.08957989145844,Higher relative environmental condition
R_-65_-55,2021,20,60.0,0.9943722419514515,0.0,80.0,20.0,79.91856629182325,Moderate relative environmental condition
R_-65_-55,2023,205,50.73170731707317,0.9981046821052527,0.0,98.53658536585365,1.4634146341463417,75.63598812866364,Moderate relative environmental condition
R_-65_-60,2020,9,61.111111111111114,0.991768185160628,0.0,77.77777777777779,22.22222222222222,83.1694762283241,Higher relative environmental condition
R_-65_-60,2021,15,66.66666666666667,0.9951138192817807,0.0,66.66666666666666,33.33333333333333,82.56203834067101,Higher relative environmental condition
R_-65_-60,2023,44,54.54545454545455,0.9929282558336555,0.0,90.9090909090909,9.090909090909092,74.9066847122108,Moderate relative environmental condition
R_-65_-70,2024,8,75.0,0.9733953650519689,0.0,50.0,50.0,87.74690754135669,Higher relative environmental condition
R_-65_-80,2024,11,77.27272727272727,0.9919805866703443,0.0,45.45454545454545,54.54545454545454,87.8750316556136,Higher relative environmental condition
R_-65_-95,2023,4,50.0,0.9974515426696354,0.0,100.0,0.0,80.76208844572757,Higher relative environmental condition
R_-65_110,2024,186,53.494623655913976,0.9986125360658397,0.0,93.01075268817203,6.989247311827956,80.59919990251161,Higher relative environmental condition
R_-65_115,2024,71,68.30985915492958,0.9935362465917669,0.0,63.38028169014085,36.61971830985916,81.56025141692474,Higher relative environmental condition
R_-65_120,2024,29,53.44827586206897,0.9993993334826152,0.0,93.10344827586206,6.896551724137931,81.14763399131141,Higher relative environmental condition
R_-65_130,2024,114,57.45614035087719,0.9930575436430579,0.0,85.08771929824562,14.912280701754385,79.94235713311527,Moderate relative environmental condition
R_-65_135,2024,13,57.69230769230769,0.9993952436215111,0.0,84.61538461538461,15.384615384615385,82.75771992577374,Higher relative environmental condition
R_-65_140,2024,86,53.48837209302326,0.9979916037625612,0.0,93.02325581395348,6.976744186046512,80.72549809014129,Higher relative environmental condition
R_-65_145,2024,28,66.07142857142857,0.9983832201305382,0.0,67.85714285714286,32.142857142857146,84.24656164786927,Higher relative environmental condition
R_-65_150,2024,84,58.333333333333336,0.9942302008652765,0.0,83.33333333333334,16.666666666666664,82.89692522010547,Higher relative environmental condition
R_-65_50,2020,269,54.646840148698885,0.9981342565956062,0.0,90.70631970260223,9.293680297397769,76.83600147979203,Moderate relative environmental condition
R_-65_75,2024,7,50.0,0.9988953129538246,0.0,100.0,0.0,80.94181229818834,Higher relative environmental condition
R_-65_80,2024,80,60.625,0.9963845131544267,0.0,78.75,21.25,84.19529254707105,Higher relative environmental condition
R_-70_-105,2023,45,70.0,0.9917948544000291,0.0,60.0,40.0,84.50532857800015,Higher relative environmental condition
R_-70_-120,2023,49,72.44897959183673,0.9914408455007353,0.0,55.10204081632652,44.89795918367347,84.30140442645752,Higher relative environmental condition
R_-70_-130,2023,10,50.0,0.985189174264457,0.0,100.0,0.0,82.679830540346,Higher relative environmental condition
R_-70_-135,2023,32,68.75,0.9926447823185104,0.0,62.5,37.5,83.68581644661026,Higher relative environmental condition
R_-70_-140,2023,15,63.333333333333336,0.9942770455535256,0.0,73.33333333333333,26.666666666666668,82.46116089556838,Higher relative environmental condition
R_-70_-60,2023,2,50.0,1.0,0.0,100.0,0.0,70.85091252225135,Moderate relative environmental condition
R_-70_-95,2023,4,62.5,0.9384618208551434,0.0,75.0,25.0,81.5277854853533,Higher relative environmental condition
R_-70_135,2024,30,50.0,0.9977488075310347,0.0,100.0,0.0,77.52587377045803,Moderate relative environmental condition
R_-70_140,2024,8,50.0,1.0,0.0,100.0,0.0,72.41389171729357,Moderate relative environmental condition
R_-70_145,2024,20,57.5,0.991392426004235,0.0,85.0,15.0,78.75204797541072,Moderate relative environmental condition
R_-70_150,2024,14,50.0,0.9992385421317691,0.0,100.0,0.0,80.43355102106248,Higher relative environmental condition
R_-70_50,2020,28,50.0,0.9960116208498143,0.0,100.0,0.0,78.11744013842727,Moderate relative environmental condition
R_-70_75,2024,54,50.0,0.9996969561719635,0.0,100.0,0.0,78.2352977377754,Moderate relative environmental condition
R_0_-25,2023,189,70.63492063492063,0.9945738122761117,0.0,58.730158730158735,41.269841269841265,84.72773214774753,Higher relative environmental condition
R_0_-30,2023,66,64.39393939393939,0.9897434119243727,0.0,71.21212121212122,28.78787878787879,84.56907314499048,Higher relative environmental condition
R_0_135,2022,269,94.42379182156134,0.9916012100806852,0.0,11.152416356877323,88.84758364312268,84.36475072020595,Higher relative environmental condition
R_0_140,2022,115,92.17391304347827,0.9827417526253238,0.8695652173913043,13.91304347826087,85.21739130434783,84.08021106121161,Higher relative environmental condition
R_0_90,2025,107,73.3644859813084,0.9928078030261103,1.8691588785046727,49.532710280373834,48.598130841121495,81.03766166551291,Higher relative environmental condition
R_10_-30,2023,296,67.73648648648648,0.9880872768359844,0.0,64.52702702702703,35.47297297297297,78.07869908218201,Moderate relative environmental condition
R_10_-55,2021,141,55.673758865248224,0.9924645214131579,0.0,88.65248226950354,11.347517730496454,79.99914514905618,Moderate relative environmental condition
R_10_-70,2021,81,57.407407407407405,0.9892007981767708,11.11111111111111,62.96296296296296,25.925925925925924,75.31090514621008,Moderate relative environmental condition
R_10_135,2022,237,91.77215189873418,0.9933581561476351,0.0,16.455696202531644,83.54430379746836,83.5137290309473,Higher relative environmental condition
R_10_160,2025,46,79.34782608695652,0.9989550823867243,0.0,41.30434782608695,58.69565217391305,82.13521318374713,Higher relative environmental condition
R_10_165,2025,124,81.45161290322581,0.9927371003475886,0.0,37.096774193548384,62.903225806451616,82.10611787472914,Higher relative environmental condition
R_10_170,2025,43,79.06976744186046,0.998898455728381,0.0,41.86046511627907,58.139534883720934,82.39460448886989,Higher relative environmental condition
R_10_85,2025,108,67.12962962962963,0.9978220031196054,4.62962962962963,56.481481481481474,38.88888888888889,75.88747350265106,Moderate relative environmental condition
R_15_-30,2023,250,78.2,0.9903317221972294,0.0,43.6,56.39999999999999,78.3833149516817,Moderate relative environmental condition
R_15_-55,2021,100,57.5,0.9965766062896251,0.0,85.0,15.0,78.987090544738,Moderate relative environmental condition
R_15_-70,2021,229,52.18340611353712,0.9884869473491641,5.240174672489083,85.1528384279476,9.606986899563319,73.8989502440562,Moderate relative environmental condition
R_15_135,2022,273,88.64468864468864,0.9901457499265239,0.0,22.71062271062271,77.2893772893773,83.23555095376642,Higher relative environmental condition
R_15_85,2025,83,58.433734939759034,0.9873274414541319,3.614457831325301,75.90361445783132,20.481927710843372,68.47624787388699,Moderate relative environmental condition
R_20_-25,2020,49,53.06122448979592,0.9944581258383944,0.0,93.87755102040816,6.122448979591836,73.58345177041852,Moderate relative environmental condition
R_20_-25,2022,46,53.26086956521739,0.9858393189692211,0.0,93.47826086956522,6.521739130434782,74.93660393680909,Moderate relative environmental condition
R_20_-30,2020,81,53.08641975308642,0.9973281787611623,0.0,93.82716049382715,6.172839506172839,72.31162527644986,Moderate relative environmental condition
R_20_-30,2023,269,75.27881040892193,0.9945865593285014,0.0,49.44237918215613,50.55762081784386,75.03438886885972,Moderate relative environmental condition
R_20_-35,2020,128,52.734375,0.9979641401928367,0.78125,92.96875,6.25,72.33077177666155,Moderate relative environmental condition
R_20_-40,2020,131,51.14503816793893,0.9966623864371906,0.7633587786259541,96.18320610687023,3.0534351145038165,73.35639590471328,Moderate relative environmental condition
R_20_-45,2020,108,52.31481481481482,0.9988696933577728,0.0,95.37037037037037,4.62962962962963,74.24694597312805,Moderate relative environmental condition
R_20_-50,2020,123,51.6260162601626,0.9961582674570093,0.0,96.7479674796748,3.2520325203252036,75.29668530686011,Moderate relative environmental condition
R_20_-55,2020,88,50.56818181818182,0.9987922161531568,0.0,98.86363636363636,1.1363636363636365,74.73059401059521,Moderate relative environmental condition
R_20_-55,2021,132,53.03030303030303,0.9944968440766325,0.7575757575757576,92.42424242424242,6.8181818181818175,76.64288085565305,Moderate relative environmental condition
R_20_-60,2020,105,51.42857142857143,0.9923155846870263,0.9523809523809524,95.23809523809523,3.8095238095238098,74.65250780211542,Moderate relative environmental condition
R_20_-65,2020,108,50.46296296296296,0.9933346490349202,0.0,99.07407407407408,0.9259259259259258,74.05719161315777,Moderate relative environmental condition
R_20_-70,2020,94,51.59574468085106,0.9974201147012737,0.0,96.80851063829788,3.1914893617021276,73.91238895930216,Moderate relative environmental condition
R_20_-70,2021,181,52.48618784530387,0.995725368872579,0.0,95.02762430939227,4.972375690607735,74.57363234736312,Moderate relative environmental condition
R_20_125,2021,18,86.11111111111111,0.9959094544178669,0.0,27.77777777777778,72.22222222222221,82.0831319007125,Higher relative environmental condition
R_20_130,2021,276,86.41304347826087,0.9975636309983036,0.0,27.173913043478258,72.82608695652173,82.51379412179202,Higher relative environmental condition
R_20_135,2021,154,87.33766233766234,0.9975297875327297,0.0,25.324675324675322,74.67532467532467,82.5765019317605,Higher relative environmental condition
R_20_135,2022,232,86.85344827586206,0.9957214869874388,0.0,26.29310344827586,73.70689655172413,82.60505539796483,Higher relative environmental condition
R_20_140,2021,270,80.0,0.9956991015148761,0.0,40.0,60.0,80.75562297795507,Higher relative environmental condition
R_20_140,2022,6,50.0,0.9686824247845758,0.0,100.0,0.0,74.3637543955909,Moderate relative environmental condition
R_20_145,2021,239,88.28451882845188,0.9982841848563136,0.0,23.430962343096233,76.56903765690377,82.48286958194728,Higher relative environmental condition
R_20_150,2021,200,83.75,0.9981023298486342,0.0,32.5,67.5,81.97176475216504,Higher relative environmental condition
R_20_155,2021,154,85.71428571428571,0.9944993817398899,0.0,28.57142857142857,71.42857142857143,82.43425573505117,Higher relative environmental condition
R_20_160,2021,238,84.24369747899159,0.9971649297625835,0.0,31.512605042016805,68.4873949579832,82.28332467441702,Higher relative environmental condition
R_20_165,2021,167,82.93413173652695,0.9962944710470916,0.0,34.13173652694611,65.86826347305389,82.74736234754674,Higher relative environmental condition
R_20_170,2021,173,86.70520231213872,0.9971582421415573,0.0,26.589595375722542,73.41040462427746,82.85784426235914,Higher relative environmental condition
R_20_175,2021,188,86.43617021276596,0.9962921744231678,0.0,27.127659574468083,72.87234042553192,82.3859156880386,Higher relative environmental condition
R_20_85,2025,9,44.44444444444444,0.9562512733478956,11.11111111111111,88.88888888888889,0.0,63.12458172431064,Moderate relative environmental condition
R_25_-125,2022,21,71.42857142857143,0.9962534710343787,0.0,57.14285714285714,42.857142857142854,77.27825838436796,Moderate relative environmental condition
R_25_-130,2022,54,69.44444444444444,0.9946915808541615,0.0,61.111111111111114,38.88888888888889,77.40778531390625,Moderate relative environmental condition
R_25_-135,2022,32,67.1875,0.9894790445881103,0.0,65.625,34.375,77.79355325364067,Moderate relative environmental condition
R_25_-140,2022,23,54.34782608695652,0.998317795802575,0.0,91.30434782608695,8.695652173913043,77.83453456974904,Moderate relative environmental condition
R_25_-145,2022,47,72.34042553191489,0.9867851076543794,0.0,55.319148936170215,44.680851063829785,78.73154864669505,Moderate relative environmental condition
R_25_-15,2020,22,47.72727272727273,0.9802205834264526,13.636363636363635,77.27272727272727,9.090909090909092,71.07625050820957,Moderate relative environmental condition
R_25_-15,2022,16,71.875,0.9840927262530019,12.5,31.25,56.25,71.05438423649397,Moderate relative environmental condition
R_25_-150,2022,56,75.89285714285714,0.9801259413829605,0.0,48.214285714285715,51.78571428571429,79.303004021151,Moderate relative environmental condition
R_25_-155,2022,19,73.6842105263158,0.9993972644315197,0.0,52.63157894736842,47.368421052631575,79.68877598434835,Moderate relative environmental condition
R_25_-160,2022,33,75.75757575757575,0.9983927569444379,0.0,48.484848484848484,51.515151515151516,79.84582972913371,Moderate relative environmental condition
R_25_-165,2022,28,78.57142857142857,0.997567069671892,0.0,42.857142857142854,57.14285714285714,79.91203764926881,Moderate relative environmental condition
R_25_-170,2022,44,75.0,0.9877444509480153,0.0,50.0,50.0,79.67532964081934,Moderate relative environmental condition
R_25_-175,2022,41,78.04878048780488,0.996184511185279,0.0,43.90243902439025,56.09756097560976,79.56567004948674,Moderate relative environmental condition
R_25_-180,2022,95,77.36842105263158,0.9941964311903034,0.0,45.26315789473684,54.736842105263165,79.83177138932288,Moderate relative environmental condition
R_25_-20,2020,49,61.224489795918366,0.9828197788259303,4.081632653061225,69.38775510204081,26.53061224489796,74.9940430095134,Moderate relative environmental condition
R_25_-20,2022,69,57.2463768115942,0.9875448552411751,4.3478260869565215,76.81159420289855,18.84057971014493,68.62540234839817,Moderate relative environmental condition
R_25_-25,2020,36,56.94444444444444,0.9830749606284209,0.0,86.11111111111111,13.88888888888889,75.86072225179664,Moderate relative environmental condition
R_25_-25,2022,6,50.0,0.996474681111745,0.0,100.0,0.0,67.92015023463432,Moderate relative environmental condition
R_25_-25,2023,220,66.36363636363636,0.9928213088379859,5.454545454545454,56.36363636363636,38.18181818181819,71.87758321938992,Moderate relative environmental condition
R_25_-30,2023,127,70.4724409448819,0.9903608612147489,0.7874015748031495,57.48031496062992,41.732283464566926,73.93725920324256,Moderate relative environmental condition
R_25_-55,2020,53,50.943396226415096,0.9994986678324164,0.0,98.11320754716981,1.8867924528301887,74.45836520526595,Moderate relative environmental condition
R_25_-55,2021,125,52.4,0.9980910581786697,3.2,88.8,8.0,73.72076438089248,Moderate relative environmental condition
R_25_-70,2020,15,50.0,1.0,0.0,100.0,0.0,73.61082324628909,Moderate relative environmental condition
R_25_-70,2021,142,52.11267605633803,0.996744703238896,0.0,95.77464788732394,4.225352112676056,73.90849831456958,Moderate relative environmental condition
R_25_-75,2020,200,51.25,0.9980168181365725,0.0,97.5,2.5,74.57739703995713,Moderate relative environmental condition
R_25_-80,2020,191,53.66492146596859,0.9953254635763372,0.0,92.67015706806284,7.329842931937172,73.73452825091259,Moderate relative environmental condition
R_25_125,2021,170,82.05882352941177,0.9938987788398822,0.0,35.88235294117647,64.11764705882354,81.29645227587284,Higher relative environmental condition
R_25_130,2022,16,71.875,0.9813050875004654,0.0,56.25,43.75,81.06531335306224,Higher relative environmental condition
R_25_135,2022,252,84.72222222222223,0.994551870564743,0.0,30.555555555555557,69.44444444444444,81.79167778572638,Higher relative environmental condition
R_25_140,2022,33,75.75757575757575,0.9927051661605809,0.0,48.484848484848484,51.515151515151516,79.59480582082719,Moderate relative environmental condition
R_25_145,2022,25,80.0,0.9873469911321583,0.0,40.0,60.0,81.38512641318167,Higher relative environmental condition
R_25_150,2022,42,82.14285714285714,0.9952622316339951,0.0,35.714285714285715,64.28571428571429,81.41929862040236,Higher relative environmental condition
R_25_155,2022,52,80.76923076923077,0.9935733346292213,0.0,38.46153846153847,61.53846153846154,81.06624158517066,Higher relative environmental condition
R_25_160,2022,84,82.14285714285714,0.9941367858122694,0.0,35.714285714285715,64.28571428571429,81.46784201514444,Higher relative environmental condition
R_25_165,2022,81,83.33333333333333,0.9873879719934373,0.0,33.33333333333333,66.66666666666666,81.41370099034148,Higher relative environmental condition
R_25_170,2022,81,81.48148148148148,0.9914623866640138,0.0,37.03703703703704,62.96296296296296,79.9449160011015,Moderate relative environmental condition
R_25_175,2022,50,83.0,0.9887263173643079,0.0,34.0,66.0,79.8575879446826,Moderate relative environmental condition
R_25_175,2023,175,82.28571428571429,0.9933435968029417,0.0,35.42857142857142,64.57142857142857,80.18277487379319,Higher relative environmental condition
R_30_-120,2022,96,55.208333333333336,0.9839698261783895,0.0,89.58333333333334,10.416666666666668,72.00319036378102,Moderate relative environmental condition
R_30_-125,2022,156,70.1923076923077,0.9947499699484882,0.0,59.61538461538461,40.38461538461539,76.96822526388877,Moderate relative environmental condition
R_30_-130,2022,54,70.37037037037037,0.9920060912269724,0.0,59.25925925925925,40.74074074074074,77.08408139346784,Moderate relative environmental condition
R_30_-135,2022,93,67.74193548387096,0.9837822058748925,0.0,64.51612903225806,35.483870967741936,77.90195574765153,Moderate relative environmental condition
R_30_-140,2022,98,67.34693877551021,0.9929813331978865,0.0,65.3061224489796,34.69387755102041,78.2526329782143,Moderate relative environmental condition
R_30_-145,2022,83,68.07228915662651,0.9791894055921228,0.0,63.85542168674698,36.144578313253014,78.85332126887592,Moderate relative environmental condition
R_30_-15,2022,9,44.44444444444444,0.962686539550246,11.11111111111111,88.88888888888889,0.0,69.1564750858487,Moderate relative environmental condition
R_30_-150,2022,76,77.63157894736842,0.9918347675584959,0.0,44.73684210526316,55.26315789473685,78.7988481835714,Moderate relative environmental condition
R_30_-155,2022,96,71.35416666666667,0.9854768838272224,0.0,57.291666666666664,42.70833333333333,79.33273206755283,Moderate relative environmental condition
R_30_-160,2022,96,75.0,0.9975636810314964,0.0,50.0,50.0,79.61726734400257,Moderate relative environmental condition
R_30_-165,2022,135,76.66666666666667,0.9924544425885156,0.0,46.666666666666664,53.333333333333336,79.87290558138265,Moderate relative environmental condition
R_30_-170,2022,86,75.0,0.9924557999937739,0.0,50.0,50.0,79.78865175773085,Moderate relative environmental condition
R_30_-175,2022,87,72.98850574712644,0.991871063121266,0.0,54.02298850574713,45.97701149425287,79.49031917889344,Moderate relative environmental condition
R_30_-180,2022,56,79.46428571428571,0.9866905627314316,0.0,41.07142857142857,58.92857142857143,79.73758584535578,Moderate relative environmental condition
R_30_-25,2023,239,58.36820083682009,0.9937574383288417,6.2761506276150625,70.7112970711297,23.01255230125523,71.36932426218331,Moderate relative environmental condition
R_30_-55,2021,112,51.339285714285715,0.9992338963658369,0.8928571428571428,95.53571428571429,3.571428571428571,73.0553082945024,Moderate relative environmental condition
R_30_-65,2021,8,56.25,0.9974420179393189,0.0,87.5,12.5,76.63283700020153,Moderate relative environmental condition
R_30_-70,2021,117,52.99145299145299,0.9980521387883361,0.0,94.01709401709401,5.982905982905983,74.22014663876175,Moderate relative environmental condition
R_30_130,2022,64,86.71875,0.9803110472288621,0.0,26.5625,73.4375,81.35004836661767,Higher relative environmental condition
R_30_135,2022,319,82.13166144200628,0.9870614292006095,0.0,35.73667711598746,64.26332288401254,81.92536261720971,Higher relative environmental condition
R_30_140,2022,48,86.45833333333333,0.9821104752838824,0.0,27.083333333333332,72.91666666666666,80.87357203752585,Higher relative environmental condition
R_30_145,2022,107,84.57943925233644,0.9893227717190478,0.0,30.8411214953271,69.1588785046729,81.28641852822128,Higher relative environmental condition
R_30_150,2022,68,89.70588235294117,0.9986138882653864,0.0,20.588235294117645,79.41176470588235,81.40364676462546,Higher relative environmental condition
R_30_155,2022,101,84.65346534653466,0.9923883848365387,0.0,30.693069306930692,69.3069306930693,81.25492384502314,Higher relative environmental condition
R_30_160,2022,39,87.17948717948718,0.9972293934746793,0.0,25.64102564102564,74.35897435897436,81.5214051848084,Higher relative environmental condition
R_30_165,2022,65,80.0,0.9859532953448801,0.0,40.0,60.0,81.28574360890394,Higher relative environmental condition
R_30_170,2022,49,85.71428571428571,0.9908239075074661,0.0,28.57142857142857,71.42857142857143,80.24168291829035,Higher relative environmental condition
R_30_175,2022,81,77.1604938271605,0.9912335260142148,0.0,45.67901234567901,54.32098765432099,79.98721622321283,Moderate relative environmental condition
R_30_175,2023,234,74.14529914529915,0.9820438673728213,0.0,51.70940170940172,48.29059829059829,78.2875091599662,Moderate relative environmental condition
R_35_-15,2022,5,50.0,0.8972086042370748,20.0,60.0,20.0,57.2728871996907,Lower relative environmental condition
R_35_-20,2023,185,54.5945945945946,0.9800556162942784,9.18918918918919,72.43243243243244,18.37837837837838,72.86855346384603,Moderate relative environmental condition
R_35_-25,2023,69,57.2463768115942,0.9974226911370203,8.695652173913043,68.11594202898551,23.18840579710145,72.45063274089516,Moderate relative environmental condition
R_35_-55,2021,110,51.36363636363637,0.9922366138811453,3.6363636363636362,90.0,6.363636363636363,72.14564405856524,Moderate relative environmental condition
R_35_-70,2021,189,55.29100529100529,0.9837125337833109,0.5291005291005291,88.35978835978835,11.11111111111111,77.38370178090783,Moderate relative environmental condition
R_35_10,2022,69,0.7246376811594203,0.9980499879994424,98.55072463768117,1.4492753623188406,0.0,31.526747458463287,Very low relative environmental condition
R_35_145,2021,56,75.0,0.9982970745352666,0.0,50.0,50.0,78.57731532882633,Moderate relative environmental condition
R_35_175,2023,261,73.5632183908046,0.9900412506260388,0.0,52.87356321839081,47.12643678160919,78.18373522215673,Moderate relative environmental condition
R_35_5,2022,58,1.7241379310344827,0.9893822193409791,96.55172413793103,3.4482758620689653,0.0,32.70525020225425,Very low relative environmental condition
R_40_-20,2023,240,58.333333333333336,0.9861778061400557,6.25,70.83333333333334,22.916666666666664,76.27023741487316,Moderate relative environmental condition
R_40_-55,2021,121,56.19834710743802,0.9885892420358621,0.0,87.60330578512396,12.396694214876034,80.37067829822787,Higher relative environmental condition
R_40_10,2022,56,0.8928571428571429,0.9929058537932063,98.21428571428571,1.7857142857142856,0.0,33.992902331921854,Very low relative environmental condition
R_40_145,2021,503,77.33598409542743,0.9951665860163649,0.0,45.32803180914513,54.67196819085487,78.01156281691297,Moderate relative environmental condition
R_40_150,2021,202,77.47524752475248,0.996265487742609,0.0,45.04950495049505,54.95049504950495,77.93041705615879,Moderate relative environmental condition
R_40_155,2021,58,77.58620689655173,0.9986195540145633,0.0,44.827586206896555,55.172413793103445,77.87844012457968,Moderate relative environmental condition
R_40_175,2023,291,71.8213058419244,0.9899055015219447,0.0,56.3573883161512,43.6426116838488,77.99673956688503,Moderate relative environmental condition
R_40_5,2022,57,0.8771929824561403,0.99255055013999,98.24561403508771,1.7543859649122806,0.0,38.68682100400514,Very low relative environmental condition
R_45_-150,2021,21,54.76190476190476,0.9979533949105834,0.0,90.47619047619048,9.523809523809524,75.01612478075074,Moderate relative environmental condition
R_45_-155,2021,151,61.920529801324506,0.9987209366967891,0.0,76.15894039735099,23.841059602649008,75.15959992298421,Moderate relative environmental condition
R_45_-160,2021,137,59.12408759124087,0.9944526727792425,0.0,81.75182481751825,18.248175182481752,75.36531103994898,Moderate relative environmental condition
R_45_-165,2021,152,56.25,0.9959806695488315,0.0,87.5,12.5,75.75351721608291,Moderate relative environmental condition
R_45_-170,2021,105,65.23809523809524,0.9951671909055728,0.0,69.52380952380952,30.476190476190478,76.55783954592525,Moderate relative environmental condition
R_45_-175,2021,129,65.89147286821705,0.9981354150844269,0.0,68.21705426356588,31.782945736434108,76.8897152851252,Moderate relative environmental condition
R_45_-180,2021,117,72.22222222222223,0.9949846397068783,0.0,55.55555555555556,44.44444444444444,77.21151929303824,Moderate relative environmental condition
R_45_-20,2023,215,65.5813953488372,0.9768150313689239,0.0,68.83720930232559,31.16279069767442,80.43576379771692,Higher relative environmental condition
R_45_155,2021,99,75.75757575757575,0.9964079800860011,0.0,48.484848484848484,51.515151515151516,77.33491556722336,Moderate relative environmental condition
R_45_160,2021,134,77.23880597014926,0.993797042967425,0.0,45.52238805970149,54.47761194029851,77.58823690109539,Moderate relative environmental condition
R_45_165,2021,227,70.70484581497797,0.9946924131337385,0.0,58.590308370044056,41.409691629955944,76.57683306948945,Moderate relative environmental condition
R_45_170,2021,176,78.125,0.9974632855165898,0.0,43.75,56.25,77.47958304270732,Moderate relative environmental condition
R_45_175,2021,116,72.84482758620689,0.9959772074588797,0.0,54.310344827586206,45.689655172413794,77.4033850074222,Moderate relative environmental condition
R_45_175,2023,240,67.08333333333333,0.9958370587566122,0.0,65.83333333333333,34.166666666666664,76.36572542864577,Moderate relative environmental condition
R_50_-180,2023,166,50.0,0.9993797776177101,0.0,100.0,0.0,70.07459538103589,Moderate relative environmental condition
R_50_-20,2023,84,73.80952380952381,0.9791750522051266,0.0,52.38095238095239,47.61904761904761,85.70532662778203,Higher relative environmental condition
R_50_-25,2023,64,67.96875,0.9791649253674293,0.0,64.0625,35.9375,84.56747640440403,Higher relative environmental condition
R_50_175,2023,151,69.86754966887418,0.9942341483261725,0.0,60.264900662251655,39.735099337748345,75.25368379138023,Moderate relative environmental condition
R_55_-10,2022,30,53.333333333333336,0.931054008370339,3.3333333333333335,86.66666666666667,10.0,79.9552426910547,Moderate relative environmental condition
R_55_-15,2022,45,61.111111111111114,0.9825055369273991,0.0,77.77777777777779,22.22222222222222,80.72496394943067,Higher relative environmental condition
R_55_-175,2023,24,50.0,0.9994431236711611,0.0,100.0,0.0,68.8390448113665,Moderate relative environmental condition
R_55_-180,2023,92,50.0,0.9995843003939693,0.0,100.0,0.0,70.26165059050422,Moderate relative environmental condition
R_55_-20,2022,24,75.0,0.9645383342128078,0.0,50.0,50.0,84.7397229157615,Higher relative environmental condition
R_55_-20,2023,53,71.69811320754717,0.9701250499186729,0.0,56.60377358490566,43.39622641509434,84.5297572652607,Higher relative environmental condition
R_55_-25,2022,63,57.93650793650794,0.977002497043789,0.0,84.12698412698413,15.873015873015872,83.88685307749714,Higher relative environmental condition
R_55_-25,2023,25,74.0,0.9716165597653934,0.0,52.0,48.0,84.97483979819955,Higher relative environmental condition
R_5_-30,2023,257,60.70038910505836,0.9902942457430945,0.0,78.59922178988327,21.40077821011673,81.45724133401283,Higher relative environmental condition
R_5_-55,2021,118,59.74576271186441,0.9813450609911275,0.0,80.50847457627118,19.491525423728813,80.45210975667158,Higher relative environmental condition
R_5_125,2025,209,91.38755980861244,0.9885193521188842,0.0,17.22488038277512,82.77511961722487,83.10880970552584,Higher relative environmental condition
R_5_130,2025,245,90.81632653061224,0.9944497808717794,0.0,18.367346938775512,81.63265306122449,83.33052009427581,Higher relative environmental condition
R_5_135,2022,293,91.6382252559727,0.9940768265110387,0.0,16.723549488054605,83.27645051194538,83.65401992191421,Higher relative environmental condition
R_5_135,2025,261,91.37931034482759,0.996822498005268,0.0,17.24137931034483,82.75862068965517,83.32872544535361,Higher relative environmental condition
R_5_140,2025,155,81.61290322580645,0.9940882579840233,0.0,36.774193548387096,63.2258064516129,82.045966507705,Higher relative environmental condition
R_5_145,2025,224,85.26785714285714,0.9898032139792845,0.0,29.464285714285715,70.53571428571429,83.04176067851097,Higher relative environmental condition
R_5_150,2025,167,81.1377245508982,0.9929096049453096,0.0,37.72455089820359,62.27544910179641,83.8125205384331,Higher relative environmental condition
R_5_155,2025,248,84.0725806451613,0.9943783538330163,0.0,31.85483870967742,68.14516129032258,83.66111434813428,Higher relative environmental condition
R_5_160,2025,164,82.01219512195122,0.9967341284898039,0.0,35.97560975609756,64.02439024390245,82.97897601139279,Higher relative environmental condition
R_5_170,2025,131,79.00763358778626,0.9956932324806528,0.0,41.98473282442748,58.01526717557252,82.2136948500939,Higher relative environmental condition
R_5_85,2025,87,70.11494252873563,0.9959216266238601,4.597701149425287,50.57471264367817,44.827586206896555,77.90279071264905,Moderate relative environmental condition
R_5_90,2025,11,59.09090909090909,0.9993752790900433,9.090909090909092,63.63636363636363,27.27272727272727,73.40196309778173,Moderate relative environmental condition
R_60_-20,2023,76,65.78947368421052,0.9807035013122894,0.0,68.42105263157895,31.57894736842105,85.35922147942527,Higher relative environmental condition
R_60_-25,2023,34,61.76470588235294,0.989827343627817,0.0,76.47058823529412,23.52941176470588,84.92933831105242,Higher relative environmental condition
